{"cameraMode":{"drawMode":0,"name":"Shaded","section":"Shading Mode"},"sceneLighting":false,"audioPlay":false,"sceneViewState":{"showFog":true,"showMaterialUpdate":true,"showSkybox":false,"showFlares":true,"showImageEffects":true,"showParticleSystems":true},"in2DMode":false,"pivot":{"x":-17.84000015258789,"y":4.271046161651611,"z":-25.070396423339845},"rotation":{"x":0.011046062223613263,"y":0.9889505505561829,"z":-0.10303293913602829,"w":0.10602433234453201},"size":1.069861888885498,"orthographic":false}