{"cameraMode":{"drawMode":0,"name":"Shaded","section":"Shading Mode"},"sceneLighting":true,"audioPlay":false,"sceneViewState":{"showFog":true,"showMaterialUpdate":true,"showSkybox":false,"showFlares":true,"showImageEffects":true,"showParticleSystems":true},"in2DMode":false,"pivot":{"x":4.2509765625,"y":1.4716796875,"z":4.1416015625},"rotation":{"x":0.0010717808036133648,"y":-0.6996431946754456,"z":0.0010494451271370054,"w":0.7144920825958252},"size":6.221251964569092,"orthographic":true}