{"cameraMode":{"drawMode":0,"name":"Shaded","section":"Shading Mode"},"sceneLighting":false,"audioPlay":false,"sceneViewState":{"showFog":true,"showMaterialUpdate":true,"showSkybox":false,"showFlares":true,"showImageEffects":true,"showParticleSystems":true},"in2DMode":false,"pivot":{"x":-19.38720703125,"y":4.0345916748046879,"z":-15.925048828125},"rotation":{"x":-0.010169051587581635,"y":-0.24903152883052827,"z":0.002614865079522133,"w":-0.9684406518936157},"size":2.1461212635040285,"orthographic":true}