{"cameraMode":{"drawMode":0,"name":"Shaded","section":"Shading Mode"},"sceneLighting":false,"audioPlay":false,"sceneViewState":{"showFog":true,"showMaterialUpdate":true,"showSkybox":false,"showFlares":true,"showImageEffects":true,"showParticleSystems":true},"in2DMode":false,"pivot":{"x":-1.7559046745300294,"y":4.767185688018799,"z":-41.98914337158203},"rotation":{"x":0.19890852272510529,"y":-0.7138162851333618,"z":0.22433359920978547,"w":0.6329152584075928},"size":0.9256489872932434,"orthographic":true}