{"cameraMode":{"drawMode":0,"name":"Shaded","section":"Shading Mode"},"sceneLighting":true,"audioPlay":false,"sceneViewState":{"showFog":true,"showMaterialUpdate":true,"showSkybox":false,"showFlares":true,"showImageEffects":true,"showParticleSystems":true},"in2DMode":false,"pivot":{"x":2.2328577041625978,"y":12.7578125,"z":16.611433029174806},"rotation":{"x":0.20965996384620667,"y":0.24625350534915925,"z":-0.05465305596590042,"w":0.9446772336959839},"size":24.445125579833986,"orthographic":true}