{"cameraMode":{"drawMode":0,"name":"Shaded","section":"Shading Mode"},"sceneLighting":true,"audioPlay":false,"sceneViewState":{"showFog":true,"showMaterialUpdate":true,"showSkybox":false,"showFlares":true,"showImageEffects":true,"showParticleSystems":true},"in2DMode":false,"pivot":{"x":-1.0329598188400269,"y":0.27729839086532595,"z":-33.365867614746097},"rotation":{"x":-0.0005623128381557763,"y":0.999186098575592,"z":-0.03748711943626404,"w":-0.014988891780376435},"size":25.629993438720704,"orthographic":false}