{"cameraMode":{"drawMode":0,"name":"Shaded","section":"Shading Mode"},"sceneLighting":true,"audioPlay":false,"sceneViewState":{"showFog":true,"showMaterialUpdate":true,"showSkybox":true,"showFlares":true,"showImageEffects":true,"showParticleSystems":true},"in2DMode":false,"pivot":{"x":-18.536052703857423,"y":3.1681246757507326,"z":-15.278158187866211},"rotation":{"x":0.057084906846284869,"y":-0.9118538498878479,"z":0.1358536332845688,"w":0.3831593096256256},"size":2.4346232414245607,"orthographic":false}