{"cameraMode":{"drawMode":0,"name":"Shaded","section":"Shading Mode"},"sceneLighting":true,"audioPlay":false,"sceneViewState":{"showFog":true,"showMaterialUpdate":true,"showSkybox":false,"showFlares":true,"showImageEffects":true,"showParticleSystems":true},"in2DMode":false,"pivot":{"x":3.152125358581543,"y":7.855140686035156,"z":4.899102687835693},"rotation":{"x":0.08767937123775482,"y":0.28026482462882998,"z":0.02571575902402401,"w":-0.9555652737617493},"size":6.375421524047852,"orthographic":false}