{"cameraMode":{"drawMode":0,"name":"Shaded","section":"Shading Mode"},"sceneLighting":true,"audioPlay":false,"sceneViewState":{"showFog":true,"showMaterialUpdate":true,"showSkybox":false,"showFlares":true,"showImageEffects":true,"showParticleSystems":true},"in2DMode":false,"pivot":{"x":-0.09456729143857956,"y":10.977834701538086,"z":45.69101333618164},"rotation":{"x":0.00839824229478836,"y":0.002999568358063698,"z":-0.000024804947315715253,"w":0.9999628067016602},"size":5.28651237487793,"orthographic":false}