{"cameraMode":{"drawMode":0,"name":"Shaded","section":"Shading Mode"},"sceneLighting":false,"audioPlay":false,"sceneViewState":{"showFog":true,"showMaterialUpdate":true,"showSkybox":false,"showFlares":true,"showImageEffects":true,"showParticleSystems":true},"in2DMode":false,"pivot":{"x":0.0030435584485530855,"y":-0.06139751896262169,"z":0.10459667444229126},"rotation":{"x":-0.08839697390794754,"y":-0.2520557940006256,"z":-0.023127689957618715,"w":0.9633893370628357},"size":0.13938744366168977,"orthographic":true}