{"cameraMode":{"drawMode":0,"name":"Shaded","section":"Shading Mode"},"sceneLighting":false,"audioPlay":false,"sceneViewState":{"showFog":true,"showMaterialUpdate":true,"showSkybox":false,"showFlares":true,"showImageEffects":true,"showParticleSystems":true},"in2DMode":false,"pivot":{"x":0.0,"y":3.9000000953674318,"z":-15.199999809265137},"rotation":{"x":0.21395492553710938,"y":0.45951932668685915,"z":-0.1150854155421257,"w":0.854296088218689},"size":4.831728458404541,"orthographic":true}