{"cameraMode":{"drawMode":0,"name":"Shaded","section":"Shading Mode"},"sceneLighting":true,"audioPlay":false,"sceneViewState":{"showFog":true,"showMaterialUpdate":true,"showSkybox":false,"showFlares":true,"showImageEffects":true,"showParticleSystems":true},"in2DMode":false,"pivot":{"x":0.00007176399230957031,"y":11.849452018737793,"z":5.999971389770508},"rotation":{"x":0.17898201942443849,"y":0.42890629172325137,"z":-0.08712169528007508,"w":0.8811445832252502},"size":25.425260543823243,"orthographic":true}