{"cameraMode":{"drawMode":0,"name":"Shaded","section":"Shading Mode"},"sceneLighting":false,"audioPlay":false,"sceneViewState":{"showFog":true,"showMaterialUpdate":true,"showSkybox":false,"showFlares":true,"showImageEffects":true,"showParticleSystems":true},"in2DMode":false,"pivot":{"x":-1.605818510055542,"y":6.5098466873168949,"z":2.510944366455078},"rotation":{"x":0.009874416515231133,"y":-0.949111819267273,"z":0.029906783252954484,"w":0.31336531043052676},"size":15.6798677444458,"orthographic":true}