{"cameraMode":{"drawMode":0,"name":"Shaded","section":"Shading Mode"},"sceneLighting":true,"audioPlay":false,"sceneViewState":{"showFog":true,"showMaterialUpdate":true,"showSkybox":false,"showFlares":true,"showImageEffects":true,"showParticleSystems":true},"in2DMode":false,"pivot":{"x":-0.00000476837158203125,"y":6.470000267028809,"z":22.000003814697267},"rotation":{"x":0.03350355476140976,"y":0.48781755566596987,"z":-0.018740588799118997,"w":0.8721014857292175},"size":19.25225067138672,"orthographic":true}