{"cameraMode":{"drawMode":0,"name":"Shaded","section":"Shading Mode"},"sceneLighting":true,"audioPlay":false,"sceneViewState":{"showFog":true,"showMaterialUpdate":true,"showSkybox":false,"showFlares":true,"showImageEffects":true,"showParticleSystems":true},"in2DMode":false,"pivot":{"x":-0.000001430511474609375,"y":6.470000267028809,"z":17.499998092651368},"rotation":{"x":0.32049980759620669,"y":0.17759306728839875,"z":-0.06130630522966385,"w":0.928430438041687},"size":15.124833106994629,"orthographic":true}