{"cameraMode":{"drawMode":0,"name":"Shaded","section":"Shading Mode"},"sceneLighting":true,"audioPlay":false,"sceneViewState":{"showFog":true,"showMaterialUpdate":true,"showSkybox":false,"showFlares":true,"showImageEffects":true,"showParticleSystems":true},"in2DMode":false,"pivot":{"x":-0.0000057220458984375,"y":6.470000267028809,"z":22.0},"rotation":{"x":0.17420145869255067,"y":0.5058988332748413,"z":-0.105133056640625,"w":0.8382536172866821},"size":19.994766235351564,"orthographic":true}