{"cameraMode":{"drawMode":0,"name":"Shaded","section":"Shading Mode"},"sceneLighting":true,"audioPlay":false,"sceneViewState":{"showFog":true,"showMaterialUpdate":true,"showSkybox":false,"showFlares":true,"showImageEffects":true,"showParticleSystems":true},"in2DMode":false,"pivot":{"x":6.000002384185791,"y":6.470000267028809,"z":-8.000001907348633},"rotation":{"x":-0.018113918602466584,"y":0.9491702318191528,"z":-0.05558989569544792,"w":-0.30928653478622439},"size":15.799087524414063,"orthographic":true}