{"cameraMode":{"drawMode":0,"name":"Shaded","section":"Shading Mode"},"sceneLighting":false,"audioPlay":false,"sceneViewState":{"showFog":true,"showMaterialUpdate":true,"showSkybox":false,"showFlares":true,"showImageEffects":true,"showParticleSystems":true},"in2DMode":false,"pivot":{"x":358.87451171875,"y":205.14857482910157,"z":2.6731767654418947},"rotation":{"x":-0.003951506223529577,"y":0.9540950655937195,"z":-0.2992154657840729,"w":-0.012598324567079544},"size":3.94343900680542,"orthographic":true}