{"cameraMode":{"drawMode":0,"name":"Shaded","section":"Shading Mode"},"sceneLighting":false,"audioPlay":false,"sceneViewState":{"showFog":true,"showMaterialUpdate":true,"showSkybox":false,"showFlares":true,"showImageEffects":true,"showParticleSystems":true},"in2DMode":false,"pivot":{"x":0.0,"y":0.1850000023841858,"z":0.11699999868869782},"rotation":{"x":0.024952994659543039,"y":0.9744417667388916,"z":-0.17430023849010468,"w":0.1395014226436615},"size":4.839771747589111,"orthographic":true}