{"cameraMode":{"drawMode":0,"name":"Shaded","section":"Shading Mode"},"sceneLighting":true,"audioPlay":false,"sceneViewState":{"showFog":false,"showMaterialUpdate":false,"showSkybox":false,"showFlares":false,"showImageEffects":false,"showParticleSystems":false},"in2DMode":false,"pivot":{"x":-0.44073426723480227,"y":2.366319417953491,"z":-0.08686667680740357},"rotation":{"x":-0.046048086136579517,"y":-0.40504592657089236,"z":0.02043079398572445,"w":-0.9129093885421753},"size":53.27132797241211,"orthographic":true}