{"cameraMode":{"drawMode":0,"name":"Shaded","section":"Shading Mode"},"sceneLighting":false,"audioPlay":false,"sceneViewState":{"showFog":true,"showMaterialUpdate":true,"showSkybox":false,"showFlares":true,"showImageEffects":true,"showParticleSystems":true},"in2DMode":false,"pivot":{"x":25.388891220092775,"y":1.7943825721740723,"z":-9.938387870788575},"rotation":{"x":-0.05154816061258316,"y":-0.8422791957855225,"z":0.08187054842710495,"w":-0.530289351940155},"size":18.364940643310548,"orthographic":false}