{"cameraMode":{"drawMode":0,"name":"Shaded","section":"Shading Mode"},"sceneLighting":true,"audioPlay":false,"sceneViewState":{"showFog":true,"showMaterialUpdate":true,"showSkybox":true,"showFlares":true,"showImageEffects":true,"showParticleSystems":true},"in2DMode":false,"pivot":{"x":-16.540771484375,"y":3.13330078125,"z":-27.88671875},"rotation":{"x":0.00706888735294342,"y":0.9491522908210754,"z":-0.31401297450065615,"w":0.021368665620684625},"size":3.1142008304595949,"orthographic":true}