{"cameraMode":{"drawMode":0,"name":"Shaded","section":"Shading Mode"},"sceneLighting":false,"audioPlay":false,"sceneViewState":{"showFog":true,"showMaterialUpdate":true,"showSkybox":false,"showFlares":true,"showImageEffects":true,"showParticleSystems":true},"in2DMode":false,"pivot":{"x":-26.7294921875,"y":-1.24658203125,"z":19.507080078125},"rotation":{"x":0.19974367320537568,"y":-0.8002244234085083,"z":0.40387094020843508,"w":0.3957688808441162},"size":23.38974380493164,"orthographic":true}