{"cameraMode":{"drawMode":0,"name":"Shaded","section":"Shading Mode"},"sceneLighting":true,"audioPlay":false,"sceneViewState":{"showFog":true,"showMaterialUpdate":true,"showSkybox":true,"showFlares":true,"showImageEffects":true,"showParticleSystems":true},"in2DMode":false,"pivot":{"x":-18.631103515625,"y":2.49493408203125,"z":-24.71826171875},"rotation":{"x":0.04782768338918686,"y":0.07992435246706009,"z":-0.0038394564762711527,"w":0.9956457614898682},"size":2.3322622776031496,"orthographic":true}