{"cameraMode":{"drawMode":0,"name":"Shaded","section":"Shading Mode"},"sceneLighting":true,"audioPlay":false,"sceneViewState":{"showFog":true,"showMaterialUpdate":true,"showSkybox":true,"showFlares":true,"showImageEffects":true,"showParticleSystems":true},"in2DMode":false,"pivot":{"x":-18.989999771118165,"y":6.690000057220459,"z":-33.209041595458987},"rotation":{"x":0.219718337059021,"y":-0.5499995946884155,"z":0.1527489721775055,"w":0.7911337018013},"size":33.3199348449707,"orthographic":true}