{"cameraMode":{"drawMode":0,"name":"Shaded","section":"Shading Mode"},"sceneLighting":true,"audioPlay":false,"sceneViewState":{"showFog":true,"showMaterialUpdate":true,"showSkybox":false,"showFlares":true,"showImageEffects":true,"showParticleSystems":true},"in2DMode":false,"pivot":{"x":-0.26566436886787417,"y":8.74072551727295,"z":4.794242858886719},"rotation":{"x":0.05493855103850365,"y":-0.9284142851829529,"z":0.15259043872356416,"w":0.3342844247817993},"size":11.14745044708252,"orthographic":false}