{"cameraMode":{"drawMode":0,"name":"Shaded","section":"Shading Mode"},"sceneLighting":false,"audioPlay":false,"sceneViewState":{"showFog":true,"showMaterialUpdate":true,"showSkybox":false,"showFlares":true,"showImageEffects":true,"showParticleSystems":true},"in2DMode":false,"pivot":{"x":-6.94921875,"y":-0.855194091796875,"z":14.712890625},"rotation":{"x":0.28877007961273196,"y":-0.17114466428756715,"z":0.05254685506224632,"w":0.9405126571655273},"size":24.513652801513673,"orthographic":true}