{"cameraMode":{"drawMode":0,"name":"Shaded","section":"Shading Mode"},"sceneLighting":false,"audioPlay":false,"sceneViewState":{"showFog":true,"showMaterialUpdate":true,"showSkybox":false,"showFlares":true,"showImageEffects":true,"showParticleSystems":true},"in2DMode":false,"pivot":{"x":-26.919893264770509,"y":0.6147066950798035,"z":-44.95320129394531},"rotation":{"x":0.026738213375210763,"y":-0.968825101852417,"z":0.12065468728542328,"w":0.21472424268722535},"size":25.68828773498535,"orthographic":false}