{"cameraMode":{"drawMode":0,"name":"Shaded","section":"Shading Mode"},"sceneLighting":false,"audioPlay":false,"sceneViewState":{"showFog":true,"showMaterialUpdate":true,"showSkybox":false,"showFlares":true,"showImageEffects":true,"showParticleSystems":true},"in2DMode":false,"pivot":{"x":12.0,"y":6.9992570877075199,"z":6.000000476837158},"rotation":{"x":0.026738213375210763,"y":-0.968825101852417,"z":0.12065468728542328,"w":0.21472424268722535},"size":6.443127155303955,"orthographic":false}