{"cameraMode":{"drawMode":0,"name":"Shaded","section":"Shading Mode"},"sceneLighting":false,"audioPlay":false,"sceneViewState":{"showFog":false,"showMaterialUpdate":false,"showSkybox":false,"showFlares":false,"showImageEffects":false,"showParticleSystems":false},"in2DMode":false,"pivot":{"x":-8.568256378173829,"y":13.36650276184082,"z":85.51869201660156},"rotation":{"x":0.28811776638031008,"y":-0.48541632294654848,"z":0.17329415678977967,"w":0.8070496320724487},"size":23.397424697875978,"orthographic":true}