{"cameraMode":{"drawMode":0,"name":"Shaded","section":"Shading Mode"},"sceneLighting":true,"audioPlay":false,"sceneViewState":{"showFog":false,"showMaterialUpdate":false,"showSkybox":false,"showFlares":false,"showImageEffects":false,"showParticleSystems":false},"in2DMode":false,"pivot":{"x":-38.54297637939453,"y":20.206573486328126,"z":-60.314735412597659},"rotation":{"x":0.0043396176770329479,"y":0.9632465243339539,"z":0.2681427597999573,"w":-0.015591628849506379},"size":14.04702091217041,"orthographic":false}