{"cameraMode":{"drawMode":0,"name":"Shaded","section":"Shading Mode"},"sceneLighting":false,"audioPlay":false,"sceneViewState":{"showFog":true,"showMaterialUpdate":true,"showSkybox":false,"showFlares":true,"showImageEffects":true,"showParticleSystems":true},"in2DMode":false,"pivot":{"x":3.2548115253448488,"y":-11.485319137573243,"z":43.291744232177737},"rotation":{"x":0.1879694163799286,"y":0.08973019570112229,"z":-0.017247388139367105,"w":0.9779177308082581},"size":30.456069946289064,"orthographic":false}