{"cameraMode":{"drawMode":0,"name":"Shaded","section":"Shading Mode"},"sceneLighting":false,"audioPlay":false,"sceneViewState":{"showFog":true,"showMaterialUpdate":true,"showSkybox":false,"showFlares":true,"showImageEffects":true,"showParticleSystems":true},"in2DMode":false,"pivot":{"x":53.31068420410156,"y":-45.04121017456055,"z":-56.17884826660156},"rotation":{"x":0.011801776476204396,"y":-0.9345340728759766,"z":0.3543218970298767,"w":0.031128425151109697},"size":55.45940399169922,"orthographic":false}