{"cameraMode":{"drawMode":0,"name":"Shaded","section":"Shading Mode"},"sceneLighting":false,"audioPlay":false,"sceneViewState":{"showFog":false,"showMaterialUpdate":false,"showSkybox":false,"showFlares":false,"showImageEffects":false,"showParticleSystems":false},"in2DMode":false,"pivot":{"x":-15.85783576965332,"y":-1.4951823949813843,"z":128.83705139160157},"rotation":{"x":0.38167449831962588,"y":-0.3490122854709625,"z":0.1583942472934723,"w":0.8410996794700623},"size":5.196153163909912,"orthographic":false}