{"cameraMode":{"drawMode":0,"name":"Shaded","section":"Shading Mode"},"sceneLighting":false,"audioPlay":false,"sceneViewState":{"showFog":true,"showMaterialUpdate":true,"showSkybox":false,"showFlares":true,"showImageEffects":true,"showParticleSystems":true},"in2DMode":false,"pivot":{"x":-29.7967472076416,"y":-21.733552932739259,"z":85.37066650390625},"rotation":{"x":0.1436351090669632,"y":-0.17273283004760743,"z":0.025469737127423288,"w":0.9741093516349793},"size":55.45940399169922,"orthographic":false}