{"cameraMode":{"drawMode":0,"name":"Shaded","section":"Shading Mode"},"sceneLighting":true,"audioPlay":false,"sceneViewState":{"showFog":true,"showMaterialUpdate":true,"showSkybox":true,"showFlares":true,"showImageEffects":true,"showParticleSystems":true},"in2DMode":false,"pivot":{"x":-18.3489990234375,"y":6.569091796875,"z":-16.177734375},"rotation":{"x":0.20256595313549043,"y":-0.27061527967453005,"z":0.05835859850049019,"w":0.9393242597579956},"size":4.718920707702637,"orthographic":true}