{"cameraMode":{"drawMode":0,"name":"Shaded","section":"Shading Mode"},"sceneLighting":false,"audioPlay":false,"sceneViewState":{"showFog":false,"showMaterialUpdate":false,"showSkybox":false,"showFlares":false,"showImageEffects":false,"showParticleSystems":false},"in2DMode":false,"pivot":{"x":-19.146711349487306,"y":11.439621925354004,"z":-22.936798095703126},"rotation":{"x":0.625122606754303,"y":-0.03041796199977398,"z":0.024392155930399896,"w":0.7795523405075073},"size":28.43124771118164,"orthographic":true}