{"cameraMode":{"drawMode":0,"name":"Shaded","section":"Shading Mode"},"sceneLighting":false,"audioPlay":false,"sceneViewState":{"showFog":true,"showMaterialUpdate":true,"showSkybox":true,"showFlares":true,"showImageEffects":true,"showParticleSystems":true},"in2DMode":false,"pivot":{"x":20.007617950439454,"y":-19.679950714111329,"z":-64.99011993408203},"rotation":{"x":-0.06844352185726166,"y":-0.9134561419487,"z":0.17275157570838929,"w":-0.3620849847793579},"size":33.42860412597656,"orthographic":false}