{"cameraMode":{"drawMode":0,"name":"Shaded","section":"Shading Mode"},"sceneLighting":false,"audioPlay":false,"sceneViewState":{"showFog":true,"showMaterialUpdate":true,"showSkybox":false,"showFlares":true,"showImageEffects":true,"showParticleSystems":true},"in2DMode":false,"pivot":{"x":-14.579999923706055,"y":3.200000047683716,"z":-45.039981842041019},"rotation":{"x":0.22703886032104493,"y":0.6075010895729065,"z":-0.18692435324192048,"w":0.7378727793693543},"size":0.46986132860183718,"orthographic":true}