{"cameraMode":{"drawMode":0,"name":"Shaded","section":"Shading Mode"},"sceneLighting":false,"audioPlay":false,"sceneViewState":{"showFog":true,"showMaterialUpdate":true,"showSkybox":false,"showFlares":true,"showImageEffects":true,"showParticleSystems":true},"in2DMode":false,"pivot":{"x":30.31624984741211,"y":34.197837829589847,"z":1.9666099548339844},"rotation":{"x":0.2853381335735321,"y":-0.6909080743789673,"z":0.3486991822719574,"w":0.5653654336929321},"size":13.74524974822998,"orthographic":true}