{"cameraMode":{"drawMode":0,"name":"Shaded","section":"Shading Mode"},"sceneLighting":false,"audioPlay":false,"sceneViewState":{"showFog":true,"showMaterialUpdate":true,"showSkybox":false,"showFlares":true,"showImageEffects":true,"showParticleSystems":true},"in2DMode":false,"pivot":{"x":-16.747705459594728,"y":8.677430152893067,"z":14.376953125},"rotation":{"x":-0.04924054816365242,"y":-0.9430885314941406,"z":0.1622733324766159,"w":-0.2861354649066925},"size":12.451980590820313,"orthographic":true}