{"cameraMode":{"drawMode":0,"name":"Shaded","section":"Shading Mode"},"sceneLighting":true,"audioPlay":false,"sceneViewState":{"showFog":true,"showMaterialUpdate":false,"showSkybox":false,"showFlares":true,"showImageEffects":true,"showParticleSystems":true},"in2DMode":false,"pivot":{"x":-2.628599166870117,"y":5.198705673217773,"z":26.39306640625},"rotation":{"x":-0.15714387595653535,"y":0.7676518559455872,"z":-0.20577451586723329,"w":-0.5862465500831604},"size":20.025012969970704,"orthographic":false}