{"cameraMode":{"drawMode":0,"name":"Shaded","section":"Shading Mode"},"sceneLighting":false,"audioPlay":false,"sceneViewState":{"showFog":true,"showMaterialUpdate":true,"showSkybox":true,"showFlares":true,"showImageEffects":true,"showParticleSystems":true},"in2DMode":false,"pivot":{"x":-15.926820755004883,"y":31.206546783447267,"z":-44.96442794799805},"rotation":{"x":0.00286138616502285,"y":0.9965741634368897,"z":-0.07277743518352509,"w":0.03918202593922615},"size":26.209672927856447,"orthographic":false}