{"cameraMode":{"drawMode":0,"name":"Shaded","section":"Shading Mode"},"sceneLighting":false,"audioPlay":false,"sceneViewState":{"showFog":true,"showMaterialUpdate":true,"showSkybox":false,"showFlares":true,"showImageEffects":true,"showParticleSystems":true},"in2DMode":false,"pivot":{"x":1.615234375,"y":7.105149269104004,"z":-0.630859375},"rotation":{"x":-0.12723268568515778,"y":-0.48402005434036257,"z":0.07136420905590058,"w":-0.8628383278846741},"size":8.91463565826416,"orthographic":true}