{"cameraMode":{"drawMode":0,"name":"Shaded","section":"Shading Mode"},"sceneLighting":false,"audioPlay":false,"sceneViewState":{"showFog":true,"showMaterialUpdate":true,"showSkybox":true,"showFlares":true,"showImageEffects":true,"showParticleSystems":true},"in2DMode":false,"pivot":{"x":-0.9855606555938721,"y":-4.380497932434082,"z":-64.54872131347656},"rotation":{"x":0.06648501753807068,"y":0.9149748086929321,"z":-0.16876770555973054,"w":0.3604690134525299},"size":21.11257553100586,"orthographic":false}