{"cameraMode":{"drawMode":0,"name":"Shaded","section":"Shading Mode"},"sceneLighting":false,"audioPlay":false,"sceneViewState":{"showFog":true,"showMaterialUpdate":true,"showSkybox":false,"showFlares":true,"showImageEffects":true,"showParticleSystems":true},"in2DMode":false,"pivot":{"x":4.367620468139648,"y":9.38870906829834,"z":5.053563594818115},"rotation":{"x":-0.0026993181090801956,"y":-0.6625239849090576,"z":-0.0023840884678065778,"w":0.7490327954292297},"size":4.433876037597656,"orthographic":false}