{"cameraMode":{"drawMode":0,"name":"Shaded","section":"Shading Mode"},"sceneLighting":false,"audioPlay":false,"sceneViewState":{"showFog":true,"showMaterialUpdate":false,"showSkybox":false,"showFlares":true,"showImageEffects":true,"showParticleSystems":true},"in2DMode":false,"pivot":{"x":3.6659317016601564,"y":6.2099609375,"z":0.38218578696250918},"rotation":{"x":0.3932727575302124,"y":-0.31595203280448916,"z":0.14601191878318788,"w":0.8509944677352905},"size":8.078868865966797,"orthographic":true}