{"cameraMode":{"drawMode":0,"name":"Shaded","section":"Shading Mode"},"sceneLighting":false,"audioPlay":false,"sceneViewState":{"showFog":true,"showMaterialUpdate":true,"showSkybox":false,"showFlares":true,"showImageEffects":true,"showParticleSystems":true},"in2DMode":false,"pivot":{"x":-17.880022048950197,"y":3.0100009441375734,"z":-35.171363830566409},"rotation":{"x":0.25817233324050906,"y":0.3468521237373352,"z":-0.09992632269859314,"w":0.8961333632469177},"size":1.369861125946045,"orthographic":false}