{"cameraMode":{"drawMode":1,"name":"Wireframe","section":"Shading Mode"},"sceneLighting":false,"audioPlay":false,"sceneViewState":{"showFog":false,"showMaterialUpdate":false,"showSkybox":false,"showFlares":false,"showImageEffects":false,"showParticleSystems":false},"in2DMode":false,"pivot":{"x":-30.000001907348634,"y":11.493753433227539,"z":24.0},"rotation":{"x":0.05872677266597748,"y":-0.3918386995792389,"z":0.025071633979678155,"w":0.9178159832954407},"size":21.99111557006836,"orthographic":true}