{"cameraMode":{"drawMode":0,"name":"Shaded","section":"Shading Mode"},"sceneLighting":true,"audioPlay":false,"sceneViewState":{"showFog":false,"showMaterialUpdate":false,"showSkybox":false,"showFlares":false,"showImageEffects":false,"showParticleSystems":false},"in2DMode":false,"pivot":{"x":-36.040225982666019,"y":6.612383842468262,"z":-2.9413909912109377},"rotation":{"x":-0.026897314935922624,"y":0.7671478986740112,"z":-0.032241933047771457,"w":-0.6401126384735107},"size":4.605203628540039,"orthographic":false}