{"cameraMode":{"drawMode":0,"name":"Shaded","section":"Shading Mode"},"sceneLighting":false,"audioPlay":false,"sceneViewState":{"showFog":false,"showMaterialUpdate":false,"showSkybox":false,"showFlares":false,"showImageEffects":false,"showParticleSystems":false},"in2DMode":false,"pivot":{"x":-21.772918701171876,"y":68.14451599121094,"z":85.71792602539063},"rotation":{"x":0.23380209505558015,"y":-0.05684038624167442,"z":0.013692822307348252,"w":0.9705256223678589},"size":34.614871978759769,"orthographic":false}