{"cameraMode":{"drawMode":0,"name":"Shaded","section":"Shading Mode"},"sceneLighting":false,"audioPlay":false,"sceneViewState":{"showFog":true,"showMaterialUpdate":true,"showSkybox":false,"showFlares":true,"showImageEffects":true,"showParticleSystems":true},"in2DMode":false,"pivot":{"x":-34.93208694458008,"y":3.9368362426757814,"z":0.1619744896888733},"rotation":{"x":-0.008522710762917996,"y":-0.7038633227348328,"z":-0.008447772823274136,"w":0.7102407813072205},"size":24.58060646057129,"orthographic":false}