{"cameraMode":{"drawMode":0,"name":"Shaded","section":"Shading Mode"},"sceneLighting":false,"audioPlay":false,"sceneViewState":{"showFog":true,"showMaterialUpdate":true,"showSkybox":false,"showFlares":true,"showImageEffects":true,"showParticleSystems":true},"in2DMode":false,"pivot":{"x":6.000000476837158,"y":6.9992570877075199,"z":18.0},"rotation":{"x":-0.09325463324785233,"y":-0.6407183408737183,"z":0.07881079614162445,"w":-0.7580363154411316},"size":22.744970321655275,"orthographic":true}