{"cameraMode":{"drawMode":1,"name":"Wireframe","section":"Shading Mode"},"sceneLighting":false,"audioPlay":false,"sceneViewState":{"showFog":true,"showMaterialUpdate":true,"showSkybox":false,"showFlares":true,"showImageEffects":true,"showParticleSystems":true},"in2DMode":false,"pivot":{"x":-17.945789337158204,"y":4.467269420623779,"z":27.15435028076172},"rotation":{"x":-0.2688390910625458,"y":-0.10607682168483734,"z":0.029802965000271798,"w":-0.9568626284599304},"size":24.83368492126465,"orthographic":true}