{"cameraMode":{"drawMode":0,"name":"Shaded","section":"Shading Mode"},"sceneLighting":true,"audioPlay":false,"sceneViewState":{"showFog":true,"showMaterialUpdate":false,"showSkybox":false,"showFlares":true,"showImageEffects":true,"showParticleSystems":true},"in2DMode":false,"pivot":{"x":-17.168506622314454,"y":-5.699586868286133,"z":10.199111938476563},"rotation":{"x":0.13029296696186067,"y":-0.5837973952293396,"z":0.09559278935194016,"w":0.7956597208976746},"size":17.822803497314454,"orthographic":false}