{"cameraMode":{"drawMode":0,"name":"Shaded","section":"Shading Mode"},"sceneLighting":false,"audioPlay":false,"sceneViewState":{"showFog":false,"showMaterialUpdate":false,"showSkybox":false,"showFlares":false,"showImageEffects":false,"showParticleSystems":false},"in2DMode":false,"pivot":{"x":0.146203875541687,"y":1.95166015625,"z":2.2204346656799318},"rotation":{"x":0.415005624294281,"y":-0.5436397194862366,"z":-0.3535429537296295,"w":-0.6381567120552063},"size":3.518173933029175,"orthographic":true}