{"cameraMode":{"drawMode":0,"name":"Shaded","section":"Shading Mode"},"sceneLighting":false,"audioPlay":false,"sceneViewState":{"showFog":true,"showMaterialUpdate":false,"showSkybox":false,"showFlares":true,"showImageEffects":true,"showParticleSystems":true},"in2DMode":false,"pivot":{"x":-18.81743812561035,"y":3.325439453125,"z":-16.81890106201172},"rotation":{"x":0.055884577333927158,"y":-0.8796958923339844,"z":0.1068747341632843,"w":0.4599895179271698},"size":0.3311200439929962,"orthographic":true}