{"cameraMode":{"drawMode":0,"name":"Shaded","section":"Shading Mode"},"sceneLighting":false,"audioPlay":false,"sceneViewState":{"showFog":false,"showMaterialUpdate":false,"showSkybox":false,"showFlares":false,"showImageEffects":false,"showParticleSystems":false},"in2DMode":false,"pivot":{"x":-158.01231384277345,"y":-87.74639129638672,"z":-56.553199768066409},"rotation":{"x":0.18488015234470368,"y":-0.7102930545806885,"z":0.20256537199020387,"w":0.6482893228530884},"size":89.59137725830078,"orthographic":false}