{"cameraMode":{"drawMode":0,"name":"Shaded","section":"Shading Mode"},"sceneLighting":false,"audioPlay":false,"sceneViewState":{"showFog":true,"showMaterialUpdate":true,"showSkybox":false,"showFlares":true,"showImageEffects":true,"showParticleSystems":true},"in2DMode":false,"pivot":{"x":11.362737655639649,"y":5.40126371383667,"z":17.10321807861328},"rotation":{"x":0.031005214899778367,"y":0.4037007689476013,"z":-0.013687703758478165,"w":0.9142640829086304},"size":18.364940643310548,"orthographic":false}