{"cameraMode":{"drawMode":0,"name":"Shaded","section":"Shading Mode"},"sceneLighting":true,"audioPlay":false,"sceneViewState":{"showFog":false,"showMaterialUpdate":false,"showSkybox":false,"showFlares":false,"showImageEffects":false,"showParticleSystems":false},"in2DMode":false,"pivot":{"x":263.0631408691406,"y":271.79925537109377,"z":-132.1472930908203},"rotation":{"x":-0.08940354734659195,"y":0.102329321205616,"z":-0.009235700592398644,"w":-0.9906923770904541},"size":85.62621307373047,"orthographic":false}