{"cameraMode":{"drawMode":0,"name":"Shaded","section":"Shading Mode"},"sceneLighting":true,"audioPlay":false,"sceneViewState":{"showFog":true,"showMaterialUpdate":false,"showSkybox":false,"showFlares":true,"showImageEffects":true,"showParticleSystems":true},"in2DMode":false,"pivot":{"x":-4.713899612426758,"y":3.419912815093994,"z":-2.219538927078247},"rotation":{"x":0.01618276908993721,"y":-0.5768516063690186,"z":0.011423883028328419,"w":0.8166142702102661},"size":9.685375213623047,"orthographic":false}