{"cameraMode":{"drawMode":0,"name":"Shaded","section":"Shading Mode"},"sceneLighting":false,"audioPlay":false,"sceneViewState":{"showFog":false,"showMaterialUpdate":false,"showSkybox":false,"showFlares":false,"showImageEffects":false,"showParticleSystems":false},"in2DMode":false,"pivot":{"x":-10.698081016540528,"y":-33.09375,"z":-52.046260833740237},"rotation":{"x":0.5133246183395386,"y":0.19695720076560975,"z":-0.12235952168703079,"w":0.8262777328491211},"size":93.68943786621094,"orthographic":true}