{"cameraMode":{"drawMode":0,"name":"Shaded","section":"Shading Mode"},"sceneLighting":false,"audioPlay":false,"sceneViewState":{"showFog":true,"showMaterialUpdate":true,"showSkybox":false,"showFlares":true,"showImageEffects":true,"showParticleSystems":true},"in2DMode":false,"pivot":{"x":7.7240142822265629,"y":1.906224250793457,"z":-7.571527481079102},"rotation":{"x":0.07617868483066559,"y":0.8950402736663818,"z":-0.16786512732505799,"w":0.4061416685581207},"size":13.75827693939209,"orthographic":true}