{"cameraMode":{"drawMode":0,"name":"Shaded","section":"Shading Mode"},"sceneLighting":true,"audioPlay":false,"sceneViewState":{"showFog":true,"showMaterialUpdate":false,"showSkybox":false,"showFlares":true,"showImageEffects":true,"showParticleSystems":true},"in2DMode":false,"pivot":{"x":1.8887205123901368,"y":-1.3081321716308594,"z":5.9658613204956059},"rotation":{"x":0.28942325711250307,"y":0.29510921239852908,"z":-0.09431413561105728,"w":0.9056806564331055},"size":11.0689697265625,"orthographic":false}