{"cameraMode":{"drawMode":0,"name":"Shaded","section":"Shading Mode"},"sceneLighting":true,"audioPlay":false,"sceneViewState":{"showFog":true,"showMaterialUpdate":true,"showSkybox":true,"showFlares":true,"showImageEffects":true,"showParticleSystems":true},"in2DMode":false,"pivot":{"x":-26.499542236328126,"y":0.7779269814491272,"z":-46.598628997802737},"rotation":{"x":-0.04963671416044235,"y":0.812214195728302,"z":-0.06986735016107559,"w":-0.5770306587219238},"size":3.4075300693511965,"orthographic":false}