{"cameraMode":{"drawMode":0,"name":"Shaded","section":"Shading Mode"},"sceneLighting":false,"audioPlay":false,"sceneViewState":{"showFog":false,"showMaterialUpdate":false,"showSkybox":false,"showFlares":false,"showImageEffects":false,"showParticleSystems":false},"in2DMode":false,"pivot":{"x":5.2192301750183109,"y":5.553146839141846,"z":6.180896759033203},"rotation":{"x":-0.26593217253685,"y":0.3659602701663971,"z":-0.1099672019481659,"w":-0.8850259780883789},"size":10.598602294921875,"orthographic":false}