{"cameraMode":{"drawMode":0,"name":"Shaded","section":"Shading Mode"},"sceneLighting":false,"audioPlay":false,"sceneViewState":{"showFog":true,"showMaterialUpdate":true,"showSkybox":false,"showFlares":true,"showImageEffects":true,"showParticleSystems":true},"in2DMode":false,"pivot":{"x":-14.579999923706055,"y":3.2000200748443605,"z":-45.040000915527347},"rotation":{"x":0.18463830649852754,"y":0.41679686307907107,"z":-0.08687790483236313,"w":0.8857993483543396},"size":0.46986132860183718,"orthographic":false}