{"cameraMode":{"drawMode":0,"name":"Shaded","section":"Shading Mode"},"sceneLighting":false,"audioPlay":false,"sceneViewState":{"showFog":false,"showMaterialUpdate":false,"showSkybox":false,"showFlares":false,"showImageEffects":false,"showParticleSystems":false},"in2DMode":false,"pivot":{"x":-4.67686653137207,"y":-4.938501834869385,"z":-76.83370208740235},"rotation":{"x":-0.008812815882265568,"y":0.9841406345367432,"z":-0.05112113803625107,"w":-0.16964733600616456},"size":40.75532150268555,"orthographic":false}