{"cameraMode":{"drawMode":0,"name":"Shaded","section":"Shading Mode"},"sceneLighting":false,"audioPlay":false,"sceneViewState":{"showFog":true,"showMaterialUpdate":true,"showSkybox":false,"showFlares":true,"showImageEffects":true,"showParticleSystems":true},"in2DMode":false,"pivot":{"x":4.377667427062988,"y":52.051170349121097,"z":7.259365081787109},"rotation":{"x":0.37573757767677309,"y":0.42282217741012576,"z":-0.1984875202178955,"w":0.8004036545753479},"size":31.432506561279298,"orthographic":true}