{"cameraMode":{"drawMode":0,"name":"Shaded","section":"Shading Mode"},"sceneLighting":false,"audioPlay":false,"sceneViewState":{"showFog":true,"showMaterialUpdate":true,"showSkybox":false,"showFlares":true,"showImageEffects":true,"showParticleSystems":true},"in2DMode":false,"pivot":{"x":-17.39999771118164,"y":2.944483995437622,"z":-33.339569091796878},"rotation":{"x":0.18463830649852754,"y":0.41679686307907107,"z":-0.08687790483236313,"w":0.8857993483543396},"size":0.46986132860183718,"orthographic":false}