{"cameraMode":{"drawMode":0,"name":"Shaded","section":"Shading Mode"},"sceneLighting":false,"audioPlay":false,"sceneViewState":{"showFog":true,"showMaterialUpdate":true,"showSkybox":false,"showFlares":true,"showImageEffects":true,"showParticleSystems":true},"in2DMode":false,"pivot":{"x":0.973804235458374,"y":1.7315441370010377,"z":20.39639663696289},"rotation":{"x":0.2355690747499466,"y":-0.25835615396499636,"z":0.06511875241994858,"w":0.934646725654602},"size":18.364940643310548,"orthographic":true}