{"cameraMode":{"drawMode":0,"name":"Shaded","section":"Shading Mode"},"sceneLighting":false,"audioPlay":false,"sceneViewState":{"showFog":true,"showMaterialUpdate":true,"showSkybox":false,"showFlares":true,"showImageEffects":true,"showParticleSystems":true},"in2DMode":false,"pivot":{"x":23.05671501159668,"y":1.792951226234436,"z":8.33203411102295},"rotation":{"x":0.2543884813785553,"y":-0.26667699217796328,"z":0.07320500165224076,"w":0.9267449378967285},"size":21.39773941040039,"orthographic":true}