{"cameraMode":{"drawMode":0,"name":"Shaded","section":"Shading Mode"},"sceneLighting":false,"audioPlay":false,"sceneViewState":{"showFog":true,"showMaterialUpdate":true,"showSkybox":false,"showFlares":true,"showImageEffects":true,"showParticleSystems":true},"in2DMode":false,"pivot":{"x":-0.7841800451278687,"y":0.4673258662223816,"z":9.712606430053711},"rotation":{"x":0.25461524724960329,"y":0.2807143032550812,"z":-0.07750830054283142,"w":0.9221516847610474},"size":14.778512954711914,"orthographic":false}