{"cameraMode":{"drawMode":0,"name":"Shaded","section":"Shading Mode"},"sceneLighting":true,"audioPlay":false,"sceneViewState":{"showFog":true,"showMaterialUpdate":true,"showSkybox":true,"showFlares":true,"showImageEffects":true,"showParticleSystems":true},"in2DMode":false,"pivot":{"x":-14.433300971984864,"y":1.2354531288146973,"z":-83.99880981445313},"rotation":{"x":-0.0002473951899446547,"y":-0.999733030796051,"z":0.012895760126411915,"w":-0.019201811403036119},"size":33.3199348449707,"orthographic":false}