{"cameraMode":{"drawMode":0,"name":"Shaded","section":"Shading Mode"},"sceneLighting":false,"audioPlay":false,"sceneViewState":{"showFog":false,"showMaterialUpdate":false,"showSkybox":false,"showFlares":false,"showImageEffects":false,"showParticleSystems":false},"in2DMode":false,"pivot":{"x":43.04388427734375,"y":-0.08225250244140625,"z":-12.943254470825196},"rotation":{"x":0.15964312851428986,"y":0.6548752188682556,"z":-0.14431123435497285,"w":0.724449634552002},"size":24.02812385559082,"orthographic":true}