{"cameraMode":{"drawMode":0,"name":"Shaded","section":"Shading Mode"},"sceneLighting":false,"audioPlay":false,"sceneViewState":{"showFog":true,"showMaterialUpdate":false,"showSkybox":false,"showFlares":true,"showImageEffects":true,"showParticleSystems":true},"in2DMode":false,"pivot":{"x":-17.989398956298829,"y":3.0128273963928224,"z":-16.467466354370118},"rotation":{"x":0.05578303709626198,"y":-0.8970394134521484,"z":0.11855214089155197,"w":0.4220851957798004},"size":3.034623384475708,"orthographic":true}