{"cameraMode":{"drawMode":0,"name":"Shaded","section":"Shading Mode"},"sceneLighting":false,"audioPlay":false,"sceneViewState":{"showFog":true,"showMaterialUpdate":true,"showSkybox":false,"showFlares":true,"showImageEffects":true,"showParticleSystems":true},"in2DMode":false,"pivot":{"x":6.000000476837158,"y":6.9992570877075199,"z":24.0},"rotation":{"x":0.13433246314525605,"y":0.2775688171386719,"z":-0.03922295570373535,"w":0.9504837989807129},"size":19.183597564697267,"orthographic":true}