{"cameraMode":{"drawMode":0,"name":"Shaded","section":"Shading Mode"},"sceneLighting":false,"audioPlay":false,"sceneViewState":{"showFog":true,"showMaterialUpdate":true,"showSkybox":false,"showFlares":true,"showImageEffects":true,"showParticleSystems":true},"in2DMode":false,"pivot":{"x":6.000000476837158,"y":6.9992570877075199,"z":12.0},"rotation":{"x":0.2543884813785553,"y":-0.26667699217796328,"z":0.07320500165224076,"w":0.9267449378967285},"size":18.364940643310548,"orthographic":true}