{"cameraMode":{"drawMode":0,"name":"Shaded","section":"Shading Mode"},"sceneLighting":false,"audioPlay":false,"sceneViewState":{"showFog":false,"showMaterialUpdate":false,"showSkybox":false,"showFlares":false,"showImageEffects":false,"showParticleSystems":false},"in2DMode":false,"pivot":{"x":-15.037954330444336,"y":-30.65721321105957,"z":2.215031385421753},"rotation":{"x":-0.20767280459403993,"y":0.7819335460662842,"z":-0.33743882179260256,"w":-0.48124343156814577},"size":41.08690643310547,"orthographic":false}