{"cameraMode":{"drawMode":0,"name":"Shaded","section":"Shading Mode"},"sceneLighting":false,"audioPlay":false,"sceneViewState":{"showFog":true,"showMaterialUpdate":true,"showSkybox":false,"showFlares":true,"showImageEffects":true,"showParticleSystems":true},"in2DMode":false,"pivot":{"x":-20.550621032714845,"y":4.7884602546691898,"z":-4.008777141571045},"rotation":{"x":-0.003502059495076537,"y":-0.9541136026382446,"z":0.2992219030857086,"w":-0.011167481541633606},"size":16.116771697998048,"orthographic":true}