{"cameraMode":{"drawMode":0,"name":"Shaded","section":"Shading Mode"},"sceneLighting":true,"audioPlay":false,"sceneViewState":{"showFog":true,"showMaterialUpdate":true,"showSkybox":false,"showFlares":true,"showImageEffects":true,"showParticleSystems":true},"in2DMode":false,"pivot":{"x":-4.792991638183594,"y":5.652830123901367,"z":5.6457366943359379},"rotation":{"x":-0.21922853589057923,"y":-0.5896932482719421,"z":0.17046239972114564,"w":-0.7583941221237183},"size":10.266050338745118,"orthographic":true}