{"cameraMode":{"drawMode":0,"name":"Shaded","section":"Shading Mode"},"sceneLighting":false,"audioPlay":false,"sceneViewState":{"showFog":true,"showMaterialUpdate":true,"showSkybox":false,"showFlares":true,"showImageEffects":true,"showParticleSystems":true},"in2DMode":false,"pivot":{"x":-16.423025131225587,"y":4.492564678192139,"z":8.605156898498536},"rotation":{"x":-0.10836910456418991,"y":-0.884933352470398,"z":0.2572454512119293,"w":-0.3727923035621643},"size":25.93522834777832,"orthographic":true}