{"cameraMode":{"drawMode":0,"name":"Shaded","section":"Shading Mode"},"sceneLighting":false,"audioPlay":false,"sceneViewState":{"showFog":true,"showMaterialUpdate":true,"showSkybox":false,"showFlares":true,"showImageEffects":true,"showParticleSystems":true},"in2DMode":false,"pivot":{"x":-32.44475555419922,"y":-7.298673629760742,"z":11.287529945373536},"rotation":{"x":0.3126205801963806,"y":-0.5900356769561768,"z":0.26519277691841128,"w":0.695559024810791},"size":23.38974380493164,"orthographic":true}