{"cameraMode":{"drawMode":0,"name":"Shaded","section":"Shading Mode"},"sceneLighting":true,"audioPlay":false,"sceneViewState":{"showFog":true,"showMaterialUpdate":true,"showSkybox":true,"showFlares":true,"showImageEffects":true,"showParticleSystems":true},"in2DMode":false,"pivot":{"x":-18.8845272064209,"y":2.6087968349456789,"z":-23.79985237121582},"rotation":{"x":0.04465165734291077,"y":-0.7035835981369019,"z":0.044384557753801349,"w":0.7078180313110352},"size":0.4921747148036957,"orthographic":true}