{"cameraMode":{"drawMode":0,"name":"Shaded","section":"Shading Mode"},"sceneLighting":false,"audioPlay":false,"sceneViewState":{"showFog":false,"showMaterialUpdate":false,"showSkybox":false,"showFlares":false,"showImageEffects":false,"showParticleSystems":false},"in2DMode":false,"pivot":{"x":-6.627080917358398,"y":25.28255844116211,"z":-7.446197509765625},"rotation":{"x":0.4370397925376892,"y":0.10082173347473145,"z":-0.04937543347477913,"w":0.8924089670181274},"size":16.67255210876465,"orthographic":true}