{"cameraMode":{"drawMode":0,"name":"Shaded","section":"Shading Mode"},"sceneLighting":false,"audioPlay":false,"sceneViewState":{"showFog":true,"showMaterialUpdate":true,"showSkybox":false,"showFlares":true,"showImageEffects":true,"showParticleSystems":true},"in2DMode":false,"pivot":{"x":0.18071269989013673,"y":5.827406883239746,"z":6.953125},"rotation":{"x":-0.15480634570121766,"y":0.8060296177864075,"z":-0.24087883532047273,"w":-0.5180100202560425},"size":11.394103050231934,"orthographic":true}