{"cameraMode":{"drawMode":0,"name":"Shaded","section":"Shading Mode"},"sceneLighting":false,"audioPlay":false,"sceneViewState":{"showFog":false,"showMaterialUpdate":false,"showSkybox":false,"showFlares":false,"showImageEffects":false,"showParticleSystems":false},"in2DMode":false,"pivot":{"x":-32.478973388671878,"y":2.558481216430664,"z":-44.0},"rotation":{"x":0.12813962996006013,"y":-0.2757963538169861,"z":0.037131067365407947,"w":0.9519194960594177},"size":3.2048025131225588,"orthographic":true}