{"cameraMode":{"drawMode":0,"name":"Shaded","section":"Shading Mode"},"sceneLighting":false,"audioPlay":false,"sceneViewState":{"showFog":false,"showMaterialUpdate":false,"showSkybox":false,"showFlares":false,"showImageEffects":false,"showParticleSystems":false},"in2DMode":false,"pivot":{"x":-0.6552916765213013,"y":0.7825443148612976,"z":-6.152987003326416},"rotation":{"x":-0.2602424919605255,"y":0.529572606086731,"z":-0.17484623193740846,"w":-0.7882110476493836},"size":12.714048385620118,"orthographic":false}