{"cameraMode":{"drawMode":0,"name":"Shaded","section":"Shading Mode"},"sceneLighting":true,"audioPlay":false,"sceneViewState":{"showFog":true,"showMaterialUpdate":false,"showSkybox":false,"showFlares":true,"showImageEffects":true,"showParticleSystems":true},"in2DMode":false,"pivot":{"x":-0.41013669967651369,"y":1.760909080505371,"z":5.30134391784668},"rotation":{"x":0.087160125374794,"y":-0.8557493686676025,"z":0.1533447802066803,"w":0.4864805340766907},"size":10.623241424560547,"orthographic":false}