{"cameraMode":{"drawMode":0,"name":"Shaded","section":"Shading Mode"},"sceneLighting":false,"audioPlay":false,"sceneViewState":{"showFog":true,"showMaterialUpdate":true,"showSkybox":false,"showFlares":true,"showImageEffects":true,"showParticleSystems":true},"in2DMode":false,"pivot":{"x":0.0,"y":0.1385331004858017,"z":-0.058807551860809329},"rotation":{"x":-0.010888917371630669,"y":-0.7709450125694275,"z":-0.013186129741370678,"w":0.6366730332374573},"size":0.9429334402084351,"orthographic":true}