{"cameraMode":{"drawMode":0,"name":"Shaded","section":"Shading Mode"},"sceneLighting":false,"audioPlay":false,"sceneViewState":{"showFog":true,"showMaterialUpdate":true,"showSkybox":false,"showFlares":true,"showImageEffects":true,"showParticleSystems":true},"in2DMode":false,"pivot":{"x":-29.139278411865236,"y":-7.322813510894775,"z":-9.32896614074707},"rotation":{"x":0.4126110076904297,"y":-0.4596955478191376,"z":0.25496506690979006,"w":0.7439266443252564},"size":14.778512954711914,"orthographic":false}