{"cameraMode":{"drawMode":0,"name":"Shaded","section":"Shading Mode"},"sceneLighting":false,"audioPlay":false,"sceneViewState":{"showFog":false,"showMaterialUpdate":false,"showSkybox":false,"showFlares":false,"showImageEffects":false,"showParticleSystems":false},"in2DMode":false,"pivot":{"x":2.5159411430358888,"y":-11.276501655578614,"z":-17.277990341186525},"rotation":{"x":0.032123543322086337,"y":0.9513508081436157,"z":-0.28741908073425295,"w":0.10632068663835526},"size":23.88628387451172,"orthographic":false}