{"cameraMode":{"drawMode":0,"name":"Shaded","section":"Shading Mode"},"sceneLighting":false,"audioPlay":false,"sceneViewState":{"showFog":false,"showMaterialUpdate":false,"showSkybox":false,"showFlares":false,"showImageEffects":false,"showParticleSystems":false},"in2DMode":false,"pivot":{"x":-57.50850296020508,"y":-10.748763084411621,"z":-7.1250786781311039},"rotation":{"x":-0.05943244323134422,"y":0.7331261038780212,"z":-0.0646069198846817,"w":-0.6744054555892944},"size":40.75532150268555,"orthographic":false}