{"cameraMode":{"drawMode":0,"name":"Shaded","section":"Shading Mode"},"sceneLighting":false,"audioPlay":false,"sceneViewState":{"showFog":true,"showMaterialUpdate":false,"showSkybox":false,"showFlares":true,"showImageEffects":true,"showParticleSystems":true},"in2DMode":false,"pivot":{"x":-1.134770393371582,"y":-0.04535055160522461,"z":2.811796188354492},"rotation":{"x":0.18430013954639436,"y":-0.09859936684370041,"z":0.01858707331120968,"w":0.977738618850708},"size":3.743614435195923,"orthographic":false}