{"cameraMode":{"drawMode":0,"name":"Shaded","section":"Shading Mode"},"sceneLighting":false,"audioPlay":false,"sceneViewState":{"showFog":true,"showMaterialUpdate":true,"showSkybox":false,"showFlares":true,"showImageEffects":true,"showParticleSystems":true},"in2DMode":false,"pivot":{"x":-32.44475555419922,"y":-7.298673629760742,"z":11.287529945373536},"rotation":{"x":0.21597537398338319,"y":-0.5575597286224365,"z":0.15304793417453767,"w":0.7868037223815918},"size":23.38974380493164,"orthographic":true}