{"cameraMode":{"drawMode":0,"name":"Shaded","section":"Shading Mode"},"sceneLighting":true,"audioPlay":false,"sceneViewState":{"showFog":true,"showMaterialUpdate":false,"showSkybox":false,"showFlares":true,"showImageEffects":true,"showParticleSystems":true},"in2DMode":false,"pivot":{"x":5.418750762939453,"y":1.4672528505325318,"z":3.83754563331604},"rotation":{"x":-0.17238621413707734,"y":-0.5954126715660095,"z":0.13271787762641908,"w":-0.7734093070030212},"size":8.717851638793946,"orthographic":false}