{"cameraMode":{"drawMode":0,"name":"Shaded","section":"Shading Mode"},"sceneLighting":false,"audioPlay":false,"sceneViewState":{"showFog":false,"showMaterialUpdate":false,"showSkybox":false,"showFlares":false,"showImageEffects":false,"showParticleSystems":false},"in2DMode":false,"pivot":{"x":-17.33447265625,"y":10.6806640625,"z":-14.5660400390625},"rotation":{"x":0.7262463569641113,"y":0.2372850924730301,"z":-0.30235472321510317,"w":0.5699518918991089},"size":66.91558837890625,"orthographic":true}