{"cameraMode":{"drawMode":0,"name":"Shaded","section":"Shading Mode"},"sceneLighting":false,"audioPlay":false,"sceneViewState":{"showFog":false,"showMaterialUpdate":false,"showSkybox":false,"showFlares":false,"showImageEffects":false,"showParticleSystems":false},"in2DMode":false,"pivot":{"x":112.752685546875,"y":-31.1611328125,"z":-0.4288330078125},"rotation":{"x":-0.011619746685028077,"y":0.9622305035591126,"z":-0.2687910497188568,"w":-0.04159795865416527},"size":20.560060501098634,"orthographic":true}