{"cameraMode":{"drawMode":0,"name":"Shaded","section":"Shading Mode"},"sceneLighting":false,"audioPlay":false,"sceneViewState":{"showFog":true,"showMaterialUpdate":true,"showSkybox":false,"showFlares":true,"showImageEffects":true,"showParticleSystems":true},"in2DMode":false,"pivot":{"x":7.858994960784912,"y":-0.9856557846069336,"z":-11.302734375},"rotation":{"x":-0.04924054816365242,"y":-0.9430885314941406,"z":0.1622733324766159,"w":-0.2861354649066925},"size":11.118708610534668,"orthographic":true}