{"cameraMode":{"drawMode":0,"name":"Shaded","section":"Shading Mode"},"sceneLighting":true,"audioPlay":false,"sceneViewState":{"showFog":true,"showMaterialUpdate":true,"showSkybox":true,"showFlares":true,"showImageEffects":true,"showParticleSystems":true},"in2DMode":false,"pivot":{"x":295.1925048828125,"y":158.7601776123047,"z":164.3733673095703},"rotation":{"x":0.057569678872823718,"y":-0.0035866948310285808,"z":-0.0002057572710327804,"w":-0.9983406662940979},"size":289.91656494140627,"orthographic":false}