{"cameraMode":{"drawMode":0,"name":"Shaded","section":"Shading Mode"},"sceneLighting":false,"audioPlay":false,"sceneViewState":{"showFog":true,"showMaterialUpdate":true,"showSkybox":false,"showFlares":true,"showImageEffects":true,"showParticleSystems":true},"in2DMode":false,"pivot":{"x":1.6484375,"y":2.327406883239746,"z":3.0709028244018556},"rotation":{"x":0.29727357625961306,"y":-0.2468971610069275,"z":0.07987624406814575,"w":0.9188551902770996},"size":10.939838409423829,"orthographic":true}