{"cameraMode":{"drawMode":0,"name":"Shaded","section":"Shading Mode"},"sceneLighting":false,"audioPlay":false,"sceneViewState":{"showFog":true,"showMaterialUpdate":false,"showSkybox":false,"showFlares":true,"showImageEffects":true,"showParticleSystems":true},"in2DMode":false,"pivot":{"x":-17.66920280456543,"y":3.2398183345794679,"z":-16.407045364379884},"rotation":{"x":0.16740912199020387,"y":-0.7738705277442932,"z":0.22874169051647187,"w":0.5663719773292542},"size":3.034623384475708,"orthographic":true}