{"cameraMode":{"drawMode":0,"name":"Shaded","section":"Shading Mode"},"sceneLighting":false,"audioPlay":false,"sceneViewState":{"showFog":true,"showMaterialUpdate":true,"showSkybox":false,"showFlares":true,"showImageEffects":true,"showParticleSystems":true},"in2DMode":false,"pivot":{"x":-23.906381607055665,"y":6.711726188659668,"z":9.994787216186524},"rotation":{"x":-0.005527970381081104,"y":-0.5469146966934204,"z":-0.003608279163017869,"w":0.8371627330780029},"size":18.364940643310548,"orthographic":false}