{"cameraMode":{"drawMode":0,"name":"Shaded","section":"Shading Mode"},"sceneLighting":false,"audioPlay":false,"sceneViewState":{"showFog":true,"showMaterialUpdate":false,"showSkybox":false,"showFlares":true,"showImageEffects":true,"showParticleSystems":true},"in2DMode":false,"pivot":{"x":1.5663005113601685,"y":0.18569660186767579,"z":4.840276718139648},"rotation":{"x":0.18239128589630128,"y":0.4799191355705261,"z":-0.1027418002486229,"w":0.8519717454910278},"size":7.658357620239258,"orthographic":true}