{"cameraMode":{"drawMode":0,"name":"Shaded","section":"Shading Mode"},"sceneLighting":false,"audioPlay":false,"sceneViewState":{"showFog":true,"showMaterialUpdate":true,"showSkybox":false,"showFlares":true,"showImageEffects":true,"showParticleSystems":true},"in2DMode":false,"pivot":{"x":11.14020824432373,"y":-10.77536678314209,"z":-21.549516677856447},"rotation":{"x":0.24051176011562348,"y":0.6474531888961792,"z":-0.22677093744277955,"w":0.6866856217384338},"size":30.456069946289064,"orthographic":false}