{"cameraMode":{"drawMode":0,"name":"Shaded","section":"Shading Mode"},"sceneLighting":false,"audioPlay":false,"sceneViewState":{"showFog":false,"showMaterialUpdate":false,"showSkybox":false,"showFlares":false,"showImageEffects":false,"showParticleSystems":false},"in2DMode":false,"pivot":{"x":-0.23401635885238648,"y":1.6504697799682618,"z":-0.2098105549812317},"rotation":{"x":-0.029110953211784364,"y":-0.51177579164505,"z":0.017355207353830339,"w":-0.8584529757499695},"size":2.4875149726867677,"orthographic":true}