{"cameraMode":{"drawMode":0,"name":"Shaded","section":"Shading Mode"},"sceneLighting":false,"audioPlay":false,"sceneViewState":{"showFog":true,"showMaterialUpdate":true,"showSkybox":false,"showFlares":true,"showImageEffects":true,"showParticleSystems":true},"in2DMode":false,"pivot":{"x":0.03424835205078125,"y":10.426321029663086,"z":21.57610321044922},"rotation":{"x":0.3419993221759796,"y":-0.33810123801231387,"z":0.13343608379364015,"w":0.8665575385093689},"size":19.258377075195314,"orthographic":false}