{"cameraMode":{"drawMode":0,"name":"Shaded","section":"Shading Mode"},"sceneLighting":false,"audioPlay":false,"sceneViewState":{"showFog":true,"showMaterialUpdate":true,"showSkybox":false,"showFlares":true,"showImageEffects":true,"showParticleSystems":true},"in2DMode":false,"pivot":{"x":5.809947967529297,"y":1.4702634811401368,"z":19.68705940246582},"rotation":{"x":0.1980316936969757,"y":0.36762478947639468,"z":-0.0804312601685524,"w":0.905103325843811},"size":22.744970321655275,"orthographic":true}