{"cameraMode":{"drawMode":0,"name":"Shaded","section":"Shading Mode"},"sceneLighting":false,"audioPlay":false,"sceneViewState":{"showFog":false,"showMaterialUpdate":false,"showSkybox":false,"showFlares":false,"showImageEffects":false,"showParticleSystems":false},"in2DMode":false,"pivot":{"x":9.5367431640625e-7,"y":0.4027547836303711,"z":14.001922607421875},"rotation":{"x":-0.19729340076446534,"y":0.638729989528656,"z":-0.17430149018764497,"w":-0.723000705242157},"size":15.015751838684082,"orthographic":false}