{"cameraMode":{"drawMode":0,"name":"Shaded","section":"Shading Mode"},"sceneLighting":false,"audioPlay":false,"sceneViewState":{"showFog":true,"showMaterialUpdate":false,"showSkybox":false,"showFlares":true,"showImageEffects":true,"showParticleSystems":true},"in2DMode":false,"pivot":{"x":0.001647070050239563,"y":3.1494927406311037,"z":0.030502676963806154},"rotation":{"x":0.12888981401920319,"y":-0.41981691122055056,"z":0.060366351157426837,"w":0.8963837623596191},"size":2.097968339920044,"orthographic":false}