{"cameraMode":{"drawMode":0,"name":"Shaded","section":"Shading Mode"},"sceneLighting":false,"audioPlay":false,"sceneViewState":{"showFog":true,"showMaterialUpdate":true,"showSkybox":false,"showFlares":true,"showImageEffects":true,"showParticleSystems":true},"in2DMode":false,"pivot":{"x":-12.276297569274903,"y":3.553656578063965,"z":2.4311773777008058},"rotation":{"x":0.2481827288866043,"y":0.16039812564849854,"z":-0.04170861840248108,"w":0.954430878162384},"size":16.963115692138673,"orthographic":true}