{"cameraMode":{"drawMode":1,"name":"Wireframe","section":"Shading Mode"},"sceneLighting":false,"audioPlay":false,"sceneViewState":{"showFog":true,"showMaterialUpdate":true,"showSkybox":false,"showFlares":true,"showImageEffects":true,"showParticleSystems":true},"in2DMode":false,"pivot":{"x":-13.539999008178711,"y":1.110015869140625,"z":-28.122268676757814},"rotation":{"x":-0.032401856034994128,"y":-0.8556983470916748,"z":0.0539802610874176,"w":-0.5136314034461975},"size":1.5192999839782715,"orthographic":true}