{"cameraMode":{"drawMode":0,"name":"Shaded","section":"Shading Mode"},"sceneLighting":true,"audioPlay":false,"sceneViewState":{"showFog":true,"showMaterialUpdate":false,"showSkybox":false,"showFlares":true,"showImageEffects":true,"showParticleSystems":true},"in2DMode":false,"pivot":{"x":4.197721481323242,"y":-0.12750625610351563,"z":6.284797668457031},"rotation":{"x":-0.13449296355247498,"y":-0.6294484734535217,"z":0.11182069778442383,"w":-0.7571077942848206},"size":10.241785049438477,"orthographic":false}