{"cameraMode":{"drawMode":0,"name":"Shaded","section":"Shading Mode"},"sceneLighting":false,"audioPlay":false,"sceneViewState":{"showFog":true,"showMaterialUpdate":true,"showSkybox":false,"showFlares":true,"showImageEffects":true,"showParticleSystems":true},"in2DMode":false,"pivot":{"x":1.739288330078125,"y":3.564342498779297,"z":3.155942916870117},"rotation":{"x":-0.1817871779203415,"y":-0.5761244893074036,"z":0.13334736227989198,"w":-0.7856881022453308},"size":16.551830291748048,"orthographic":true}