{"cameraMode":{"drawMode":0,"name":"Shaded","section":"Shading Mode"},"sceneLighting":false,"audioPlay":false,"sceneViewState":{"showFog":true,"showMaterialUpdate":true,"showSkybox":false,"showFlares":true,"showImageEffects":true,"showParticleSystems":true},"in2DMode":false,"pivot":{"x":16.093231201171876,"y":8.697265625,"z":-1.234367847442627},"rotation":{"x":-0.23769406974315644,"y":-0.008454089984297753,"z":0.0020686776842921974,"w":-0.971302330493927},"size":16.34596061706543,"orthographic":true}