{"cameraMode":{"drawMode":1,"name":"Wireframe","section":"Shading Mode"},"sceneLighting":false,"audioPlay":false,"sceneViewState":{"showFog":true,"showMaterialUpdate":true,"showSkybox":false,"showFlares":true,"showImageEffects":true,"showParticleSystems":true},"in2DMode":false,"pivot":{"x":-17.945789337158204,"y":4.467269420623779,"z":27.15435028076172},"rotation":{"x":0.46709907054901125,"y":-0.5246690511703491,"z":0.4351485073566437,"w":0.5631946921348572},"size":24.83368492126465,"orthographic":true}