{"cameraMode":{"drawMode":0,"name":"Shaded","section":"Shading Mode"},"sceneLighting":true,"audioPlay":false,"sceneViewState":{"showFog":true,"showMaterialUpdate":true,"showSkybox":true,"showFlares":true,"showImageEffects":true,"showParticleSystems":true},"in2DMode":false,"pivot":{"x":243.67445373535157,"y":93.90032958984375,"z":-8.238128662109375},"rotation":{"x":-0.1411103457212448,"y":-0.016334280371665956,"z":-0.0023287832736968996,"w":0.9898574352264404},"size":141.8191680908203,"orthographic":false}