{"cameraMode":{"drawMode":0,"name":"Shaded","section":"Shading Mode"},"sceneLighting":false,"audioPlay":false,"sceneViewState":{"showFog":false,"showMaterialUpdate":false,"showSkybox":false,"showFlares":false,"showImageEffects":false,"showParticleSystems":false},"in2DMode":false,"pivot":{"x":29.910675048828126,"y":9.92859935760498,"z":2.891754150390625},"rotation":{"x":0.20841434597969056,"y":0.38508400321006777,"z":-0.08971735835075379,"w":0.894553005695343},"size":25.040807723999025,"orthographic":true}