{"cameraMode":{"drawMode":1,"name":"Wireframe","section":"Shading Mode"},"sceneLighting":false,"audioPlay":false,"sceneViewState":{"showFog":false,"showMaterialUpdate":false,"showSkybox":false,"showFlares":false,"showImageEffects":false,"showParticleSystems":false},"in2DMode":false,"pivot":{"x":-30.000001907348634,"y":11.493753433227539,"z":24.0},"rotation":{"x":-0.013313858769834042,"y":-0.9205623865127564,"z":0.38909706473350527,"w":-0.0314989909529686},"size":32.530242919921878,"orthographic":true}