{"cameraMode":{"drawMode":0,"name":"Shaded","section":"Shading Mode"},"sceneLighting":false,"audioPlay":false,"sceneViewState":{"showFog":false,"showMaterialUpdate":false,"showSkybox":false,"showFlares":false,"showImageEffects":false,"showParticleSystems":false},"in2DMode":false,"pivot":{"x":672.0802001953125,"y":164.50721740722657,"z":-665.2408447265625},"rotation":{"x":-0.031033283099532129,"y":-0.09879638254642487,"z":-0.0030823734123259784,"w":0.9946222305297852},"size":89.59137725830078,"orthographic":false}