{"cameraMode":{"drawMode":0,"name":"Shaded","section":"Shading Mode"},"sceneLighting":false,"audioPlay":false,"sceneViewState":{"showFog":true,"showMaterialUpdate":true,"showSkybox":false,"showFlares":true,"showImageEffects":true,"showParticleSystems":true},"in2DMode":false,"pivot":{"x":-0.933413028717041,"y":1.9457874298095704,"z":3.779722213745117},"rotation":{"x":0.008440823294222355,"y":-0.9744195938110352,"z":0.2214834839105606,"w":0.037135690450668338},"size":12.98481273651123,"orthographic":true}