{"cameraMode":{"drawMode":0,"name":"Shaded","section":"Shading Mode"},"sceneLighting":false,"audioPlay":false,"sceneViewState":{"showFog":true,"showMaterialUpdate":true,"showSkybox":false,"showFlares":true,"showImageEffects":true,"showParticleSystems":true},"in2DMode":false,"pivot":{"x":-5.350446701049805,"y":-5.375032424926758,"z":19.267072677612306},"rotation":{"x":0.28877007961273196,"y":-0.17114466428756715,"z":0.05254685506224632,"w":0.9405126571655273},"size":19.258377075195314,"orthographic":true}