{"cameraMode":{"drawMode":0,"name":"Shaded","section":"Shading Mode"},"sceneLighting":true,"audioPlay":false,"sceneViewState":{"showFog":false,"showMaterialUpdate":false,"showSkybox":false,"showFlares":false,"showImageEffects":false,"showParticleSystems":false},"in2DMode":false,"pivot":{"x":-23.362695693969728,"y":2.8740508556365969,"z":4.606673717498779},"rotation":{"x":0.037845391780138019,"y":-0.5800188183784485,"z":0.026989366859197618,"w":0.8132821321487427},"size":10.0,"orthographic":false}