{"cameraMode":{"drawMode":0,"name":"Shaded","section":"Shading Mode"},"sceneLighting":false,"audioPlay":false,"sceneViewState":{"showFog":true,"showMaterialUpdate":true,"showSkybox":false,"showFlares":true,"showImageEffects":true,"showParticleSystems":true},"in2DMode":false,"pivot":{"x":-3.99935245513916,"y":6.855242729187012,"z":-6.0},"rotation":{"x":0.020638175308704377,"y":0.9714340567588806,"z":-0.21774180233478547,"w":0.09207486361265183},"size":13.050710678100586,"orthographic":true}