{"cameraMode":{"drawMode":0,"name":"Shaded","section":"Shading Mode"},"sceneLighting":true,"audioPlay":false,"sceneViewState":{"showFog":true,"showMaterialUpdate":false,"showSkybox":false,"showFlares":true,"showImageEffects":true,"showParticleSystems":true},"in2DMode":false,"pivot":{"x":-3.7681384086608888,"y":7.310956001281738,"z":6.924882888793945},"rotation":{"x":0.087160125374794,"y":-0.8557493686676025,"z":0.1533447802066803,"w":0.4864805340766907},"size":4.093747615814209,"orthographic":false}