{"cameraMode":{"drawMode":0,"name":"Shaded","section":"Shading Mode"},"sceneLighting":false,"audioPlay":false,"sceneViewState":{"showFog":true,"showMaterialUpdate":true,"showSkybox":false,"showFlares":true,"showImageEffects":true,"showParticleSystems":true},"in2DMode":false,"pivot":{"x":-17.39999771118164,"y":2.939502716064453,"z":-33.33544921875},"rotation":{"x":0.22703886032104493,"y":0.6075010895729065,"z":-0.18692435324192048,"w":0.7378727793693543},"size":0.4698612093925476,"orthographic":true}