{"cameraMode":{"drawMode":0,"name":"Shaded","section":"Shading Mode"},"sceneLighting":false,"audioPlay":false,"sceneViewState":{"showFog":false,"showMaterialUpdate":false,"showSkybox":false,"showFlares":false,"showImageEffects":false,"showParticleSystems":false},"in2DMode":false,"pivot":{"x":-21.204910278320314,"y":-39.95460510253906,"z":-15.044448852539063},"rotation":{"x":0.5808385610580444,"y":0.2701682448387146,"z":-0.21268132328987122,"w":0.7378380298614502},"size":117.79310607910156,"orthographic":false}