{"cameraMode":{"drawMode":0,"name":"Shaded","section":"Shading Mode"},"sceneLighting":true,"audioPlay":false,"sceneViewState":{"showFog":true,"showMaterialUpdate":true,"showSkybox":true,"showFlares":true,"showImageEffects":true,"showParticleSystems":true},"in2DMode":false,"pivot":{"x":341.3813781738281,"y":151.9072723388672,"z":102.59099578857422},"rotation":{"x":-0.2408553510904312,"y":0.2546423077583313,"z":-0.06564824283123017,"w":-0.9342600703239441},"size":210.07437133789063,"orthographic":false}