{"cameraMode":{"drawMode":0,"name":"Shaded","section":"Shading Mode"},"sceneLighting":false,"audioPlay":false,"sceneViewState":{"showFog":true,"showMaterialUpdate":true,"showSkybox":false,"showFlares":true,"showImageEffects":true,"showParticleSystems":true},"in2DMode":false,"pivot":{"x":-6.000000476837158,"y":6.9992570877075199,"z":24.0},"rotation":{"x":0.1288517415523529,"y":-0.10182800143957138,"z":0.013307929039001465,"w":0.9863561391830444},"size":27.737993240356447,"orthographic":true}