{"cameraMode":{"drawMode":0,"name":"Shaded","section":"Shading Mode"},"sceneLighting":true,"audioPlay":false,"sceneViewState":{"showFog":true,"showMaterialUpdate":true,"showSkybox":true,"showFlares":true,"showImageEffects":true,"showParticleSystems":true},"in2DMode":false,"pivot":{"x":-7.202308654785156,"y":5.300882339477539,"z":-43.83531188964844},"rotation":{"x":-0.004587724804878235,"y":0.7910772562026978,"z":0.005933244246989489,"w":0.6116734743118286},"size":2.3322622776031496,"orthographic":false}