{"cameraMode":{"drawMode":0,"name":"Shaded","section":"Shading Mode"},"sceneLighting":false,"audioPlay":false,"sceneViewState":{"showFog":false,"showMaterialUpdate":false,"showSkybox":false,"showFlares":false,"showImageEffects":false,"showParticleSystems":false},"in2DMode":false,"pivot":{"x":-5.960464477539063e-8,"y":5.499197006225586,"z":0.17293396592140199},"rotation":{"x":0.10904336720705033,"y":-0.887122631072998,"z":0.35782840847969057,"w":0.2703379988670349},"size":5.855779647827148,"orthographic":true}