{"cameraMode":{"drawMode":0,"name":"Shaded","section":"Shading Mode"},"sceneLighting":false,"audioPlay":false,"sceneViewState":{"showFog":true,"showMaterialUpdate":true,"showSkybox":false,"showFlares":true,"showImageEffects":true,"showParticleSystems":true},"in2DMode":false,"pivot":{"x":-9.867094039916993,"y":5.6744065284729,"z":0.8830976486206055},"rotation":{"x":-0.04540449008345604,"y":0.9523998498916626,"z":-0.24369460344314576,"w":-0.17744703590869904},"size":14.221613883972168,"orthographic":true}