{"cameraMode":{"drawMode":0,"name":"Shaded","section":"Shading Mode"},"sceneLighting":false,"audioPlay":false,"sceneViewState":{"showFog":true,"showMaterialUpdate":true,"showSkybox":false,"showFlares":true,"showImageEffects":true,"showParticleSystems":true},"in2DMode":false,"pivot":{"x":-6.000000476837158,"y":6.9992570877075199,"z":-18.0},"rotation":{"x":0.025371003895998,"y":0.9745038151741028,"z":-0.1661754995584488,"w":0.14876069128513337},"size":22.744970321655275,"orthographic":true}