{"cameraMode":{"drawMode":0,"name":"Shaded","section":"Shading Mode"},"sceneLighting":false,"audioPlay":false,"sceneViewState":{"showFog":true,"showMaterialUpdate":true,"showSkybox":false,"showFlares":true,"showImageEffects":true,"showParticleSystems":true},"in2DMode":false,"pivot":{"x":-17.880022048950197,"y":3.0100009441375734,"z":-35.171363830566409},"rotation":{"x":0.22703886032104493,"y":0.6075010895729065,"z":-0.18692435324192048,"w":0.7378727793693543},"size":0.4698612093925476,"orthographic":true}