{"cameraMode":{"drawMode":0,"name":"Shaded","section":"Shading Mode"},"sceneLighting":false,"audioPlay":false,"sceneViewState":{"showFog":true,"showMaterialUpdate":true,"showSkybox":false,"showFlares":true,"showImageEffects":true,"showParticleSystems":true},"in2DMode":false,"pivot":{"x":23.62546730041504,"y":5.671371936798096,"z":-16.040855407714845},"rotation":{"x":-0.01747695729136467,"y":-0.9057174324989319,"z":0.03751564770936966,"w":-0.42185789346694949},"size":18.364940643310548,"orthographic":false}