{"cameraMode":{"drawMode":0,"name":"Shaded","section":"Shading Mode"},"sceneLighting":false,"audioPlay":false,"sceneViewState":{"showFog":true,"showMaterialUpdate":true,"showSkybox":false,"showFlares":true,"showImageEffects":true,"showParticleSystems":true},"in2DMode":false,"pivot":{"x":-13.058065414428711,"y":3.8691518306732179,"z":19.824331283569337},"rotation":{"x":0.031310275197029117,"y":-0.25616174936294558,"z":0.008304726332426072,"w":0.9660911560058594},"size":18.364940643310548,"orthographic":false}