{"cameraMode":{"drawMode":0,"name":"Shaded","section":"Shading Mode"},"sceneLighting":true,"audioPlay":false,"sceneViewState":{"showFog":true,"showMaterialUpdate":false,"showSkybox":false,"showFlares":true,"showImageEffects":true,"showParticleSystems":true},"in2DMode":false,"pivot":{"x":-6.000000476837158,"y":6.470000267028809,"z":9.5367431640625e-7},"rotation":{"x":0.07639288902282715,"y":-0.09408602863550186,"z":0.007235443685203791,"w":0.9926061034202576},"size":9.7953462600708,"orthographic":false}