{"cameraMode":{"drawMode":0,"name":"Shaded","section":"Shading Mode"},"sceneLighting":true,"audioPlay":false,"sceneViewState":{"showFog":true,"showMaterialUpdate":true,"showSkybox":true,"showFlares":true,"showImageEffects":true,"showParticleSystems":true},"in2DMode":false,"pivot":{"x":-18.049999237060548,"y":0.0,"z":-12.100000381469727},"rotation":{"x":0.6019019484519959,"y":-0.13932622969150544,"z":0.10766330361366272,"w":0.7789165377616882},"size":15.481732368469239,"orthographic":true}