{"cameraMode":{"drawMode":0,"name":"Shaded","section":"Shading Mode"},"sceneLighting":false,"audioPlay":false,"sceneViewState":{"showFog":false,"showMaterialUpdate":false,"showSkybox":false,"showFlares":false,"showImageEffects":false,"showParticleSystems":false},"in2DMode":false,"pivot":{"x":399.52362060546877,"y":37.15300750732422,"z":-376.40155029296877},"rotation":{"x":0.05743725970387459,"y":0.06824180483818054,"z":0.0039279828779399399,"w":-0.9960180521011353},"size":120.44954681396485,"orthographic":false}