{"cameraMode":{"drawMode":0,"name":"Shaded","section":"Shading Mode"},"sceneLighting":false,"audioPlay":false,"sceneViewState":{"showFog":true,"showMaterialUpdate":true,"showSkybox":true,"showFlares":true,"showImageEffects":true,"showParticleSystems":true},"in2DMode":false,"pivot":{"x":6.532712459564209,"y":-9.787440299987793,"z":-20.44086456298828},"rotation":{"x":0.1604447364807129,"y":0.6280809044837952,"z":-0.1344670057296753,"w":0.7494755387306213},"size":20.298303604125978,"orthographic":false}