{"cameraMode":{"drawMode":0,"name":"Shaded","section":"Shading Mode"},"sceneLighting":false,"audioPlay":false,"sceneViewState":{"showFog":true,"showMaterialUpdate":true,"showSkybox":false,"showFlares":true,"showImageEffects":true,"showParticleSystems":true},"in2DMode":false,"pivot":{"x":-23.96090316772461,"y":1.3364524841308594,"z":-16.41688346862793},"rotation":{"x":0.21454405784606934,"y":-0.6874643564224243,"z":0.22469273209571839,"w":0.6564126014709473},"size":14.778512954711914,"orthographic":false}