{"cameraMode":{"drawMode":0,"name":"Shaded","section":"Shading Mode"},"sceneLighting":false,"audioPlay":false,"sceneViewState":{"showFog":true,"showMaterialUpdate":true,"showSkybox":false,"showFlares":true,"showImageEffects":true,"showParticleSystems":true},"in2DMode":false,"pivot":{"x":13.300907135009766,"y":8.185611724853516,"z":9.197856903076172},"rotation":{"x":-0.06377212703227997,"y":-0.9272894859313965,"z":0.18546132743358613,"w":-0.3188665807247162},"size":17.80961799621582,"orthographic":true}