{"cameraMode":{"drawMode":0,"name":"Shaded","section":"Shading Mode"},"sceneLighting":false,"audioPlay":false,"sceneViewState":{"showFog":true,"showMaterialUpdate":false,"showSkybox":false,"showFlares":true,"showImageEffects":true,"showParticleSystems":true},"in2DMode":false,"pivot":{"x":-1.7583528757095338,"y":4.7201080322265629,"z":-41.999427795410159},"rotation":{"x":0.12888981401920319,"y":-0.41981691122055056,"z":0.060366351157426837,"w":0.8963837623596191},"size":0.9747549891471863,"orthographic":false}