{"cameraMode":{"drawMode":0,"name":"Shaded","section":"Shading Mode"},"sceneLighting":true,"audioPlay":false,"sceneViewState":{"showFog":false,"showMaterialUpdate":false,"showSkybox":false,"showFlares":false,"showImageEffects":false,"showParticleSystems":false},"in2DMode":false,"pivot":{"x":-35.84575653076172,"y":5.061829090118408,"z":-0.12512683868408204},"rotation":{"x":-0.09564099460840225,"y":0.6536109447479248,"z":-0.08379468321800232,"w":-0.7460877299308777},"size":4.605203628540039,"orthographic":false}