{"cameraMode":{"drawMode":0,"name":"Shaded","section":"Shading Mode"},"sceneLighting":true,"audioPlay":false,"sceneViewState":{"showFog":true,"showMaterialUpdate":true,"showSkybox":false,"showFlares":true,"showImageEffects":true,"showParticleSystems":true},"in2DMode":false,"pivot":{"x":-0.36823081970214846,"y":8.994698524475098,"z":4.770057678222656},"rotation":{"x":0.053152330219745639,"y":-0.9288102984428406,"z":0.14693766832351685,"w":0.33600151538848879},"size":11.14745044708252,"orthographic":false}