{"cameraMode":{"drawMode":0,"name":"Shaded","section":"Shading Mode"},"sceneLighting":false,"audioPlay":false,"sceneViewState":{"showFog":true,"showMaterialUpdate":true,"showSkybox":false,"showFlares":true,"showImageEffects":true,"showParticleSystems":true},"in2DMode":false,"pivot":{"x":75.21946716308594,"y":-6.873246192932129,"z":11.029306411743164},"rotation":{"x":0.0882105603814125,"y":0.6671609878540039,"z":-0.0800500363111496,"w":0.7353594899177551},"size":25.688291549682618,"orthographic":false}