{"cameraMode":{"drawMode":0,"name":"Shaded","section":"Shading Mode"},"sceneLighting":false,"audioPlay":false,"sceneViewState":{"showFog":true,"showMaterialUpdate":false,"showSkybox":false,"showFlares":true,"showImageEffects":true,"showParticleSystems":true},"in2DMode":false,"pivot":{"x":-1.5257225036621094,"y":9.27263355255127,"z":-2.03537917137146},"rotation":{"x":0.06428703665733338,"y":-0.9349758625030518,"z":0.22672255337238313,"w":0.26511138677597048},"size":10.753827095031739,"orthographic":true}