{"cameraMode":{"drawMode":0,"name":"Shaded","section":"Shading Mode"},"sceneLighting":false,"audioPlay":false,"sceneViewState":{"showFog":false,"showMaterialUpdate":false,"showSkybox":false,"showFlares":false,"showImageEffects":false,"showParticleSystems":false},"in2DMode":false,"pivot":{"x":13.238327026367188,"y":-29.01376724243164,"z":-8.253743171691895},"rotation":{"x":0.32153865694999697,"y":0.6645366549491882,"z":-0.5528386235237122,"w":0.3865125775337219},"size":34.503318786621097,"orthographic":false}