{"cameraMode":{"drawMode":0,"name":"Shaded","section":"Shading Mode"},"sceneLighting":false,"audioPlay":false,"sceneViewState":{"showFog":true,"showMaterialUpdate":false,"showSkybox":true,"showFlares":true,"showImageEffects":true,"showParticleSystems":true},"in2DMode":false,"pivot":{"x":-18.534345626831056,"y":-31.856414794921876,"z":34.10129928588867},"rotation":{"x":-0.4415181875228882,"y":0.22777915000915528,"z":-0.11692526191473007,"w":-0.8599790334701538},"size":29.981277465820314,"orthographic":false}