{"cameraMode":{"drawMode":0,"name":"Shaded","section":"Shading Mode"},"sceneLighting":false,"audioPlay":false,"sceneViewState":{"showFog":true,"showMaterialUpdate":false,"showSkybox":false,"showFlares":true,"showImageEffects":true,"showParticleSystems":true},"in2DMode":false,"pivot":{"x":-3.255125045776367,"y":-0.7512688040733337,"z":42.77180862426758},"rotation":{"x":-0.07822176069021225,"y":0.01405452098697424,"z":-0.0011030817404389382,"w":-0.996837854385376},"size":30.633764266967775,"orthographic":false}