{"cameraMode":{"drawMode":0,"name":"Shaded","section":"Shading Mode"},"sceneLighting":false,"audioPlay":false,"sceneViewState":{"showFog":true,"showMaterialUpdate":false,"showSkybox":false,"showFlares":true,"showImageEffects":true,"showParticleSystems":true},"in2DMode":false,"pivot":{"x":-4.869846343994141,"y":3.375871181488037,"z":10.073077201843262},"rotation":{"x":-0.15556097030639649,"y":0.03762461617588997,"z":-0.005929711274802685,"w":-0.9870931506156921},"size":9.288886070251465,"orthographic":false}