{"cameraMode":{"drawMode":0,"name":"Shaded","section":"Shading Mode"},"sceneLighting":false,"audioPlay":false,"sceneViewState":{"showFog":true,"showMaterialUpdate":false,"showSkybox":false,"showFlares":true,"showImageEffects":true,"showParticleSystems":true},"in2DMode":false,"pivot":{"x":-17.64381217956543,"y":-6.873374938964844,"z":10.324858665466309},"rotation":{"x":-0.19712285697460175,"y":0.5941625833511353,"z":-0.15317761898040772,"w":-0.7646254301071167},"size":18.364940643310548,"orthographic":false}