{"cameraMode":{"drawMode":0,"name":"Shaded","section":"Shading Mode"},"sceneLighting":false,"audioPlay":false,"sceneViewState":{"showFog":true,"showMaterialUpdate":false,"showSkybox":true,"showFlares":true,"showImageEffects":true,"showParticleSystems":true},"in2DMode":false,"pivot":{"x":-501.1455383300781,"y":-595.232666015625,"z":497.7986145019531},"rotation":{"x":-0.21341855823993684,"y":0.267680823802948,"z":-0.06093060225248337,"w":-0.9375981688499451},"size":2135.013671875,"orthographic":false}