{"cameraMode":{"drawMode":0,"name":"Shaded","section":"Shading Mode"},"sceneLighting":false,"audioPlay":false,"sceneViewState":{"showFog":true,"showMaterialUpdate":false,"showSkybox":false,"showFlares":true,"showImageEffects":true,"showParticleSystems":true},"in2DMode":false,"pivot":{"x":-12.787750244140625,"y":-1.2806907892227173,"z":3.8427226543426515},"rotation":{"x":-0.16890443861484528,"y":0.6269446611404419,"z":-0.14171858131885529,"w":-0.7472146153450012},"size":10.942900657653809,"orthographic":false}