{"cameraMode":{"drawMode":0,"name":"Shaded","section":"Shading Mode"},"sceneLighting":false,"audioPlay":false,"sceneViewState":{"showFog":true,"showMaterialUpdate":false,"showSkybox":false,"showFlares":true,"showImageEffects":true,"showParticleSystems":true},"in2DMode":false,"pivot":{"x":-39.42076873779297,"y":11.379055976867676,"z":14.642788887023926},"rotation":{"x":-0.0564827062189579,"y":-0.5394152998924255,"z":-0.036297507584095,"w":0.8393608927726746},"size":25.688291549682618,"orthographic":false}