{"cameraMode":{"drawMode":0,"name":"Shaded","section":"Shading Mode"},"sceneLighting":false,"audioPlay":false,"sceneViewState":{"showFog":true,"showMaterialUpdate":false,"showSkybox":false,"showFlares":true,"showImageEffects":true,"showParticleSystems":true},"in2DMode":false,"pivot":{"x":20.430950164794923,"y":-1.496859073638916,"z":9.979680061340332},"rotation":{"x":-0.039265427738428119,"y":-0.7091799974441528,"z":0.039619430899620059,"w":-0.7028208374977112},"size":18.364940643310548,"orthographic":false}